stddev,error,error / mN,normalised
20.6479054669916,0.027264675579726,27.264675579726,1.32045720682479
20.6479054669916,0.003613850750373,3.61385075037324,0.175022631527951
20.6479054669916,-0.011177137825471,-11.177137825471,-0.541320660506664
20.6479054669916,-0.018150867512426,-18.1508675124262,-0.879065798777645
20.6479054669916,-0.013255786008779,-13.2557860087785,-0.641991800571233
20.6479054669916,0.006261615645805,6.26161564580485,0.303256698642624
20.6479054669916,0.036846908131415,36.8469081314151,1.78453491034816
20.6479054669916,0.027264675579726,27.264675579726,1.32045720682479
20.6479054669916,-0.000140808659429,-0.140808659428893,-0.00681951298421
20.6479054669916,-0.013686227986416,-13.6862279864163,-0.662838562889371
20.6479054669916,-0.022328081456763,-22.3280814567628,-1.08137270835811
20.6479054669916,-0.021607452103108,-21.6074521031082,-1.04647186309772
20.6479054669916,0.001000397421698,1.00039742169811,0.048450310047059
20.6479054669916,0.027191675107018,27.191675107018,1.31692171636913
20.6479054669916,0.027264675579726,27.264675579726,1.32045720682479
20.6479054669916,0.005168740965687,5.16874096568654,0.250327616713931
20.6479054669916,-0.00116563333078,-1.1656333307799,-0.056452860685716
20.6479054669916,-0.027331071909765,-27.331071909765,-1.32367285163415
20.6479054669916,-0.021595024028563,-21.5950240285632,-1.04586995824277
20.6479054669916,-0.000289360536653,-0.289360536652516,-0.014014038233326
20.6479054669916,0.030008705337248,30.0087053372482,1.45335348349115
20.6479054669916,0.023481017329319,23.4810173293186,1.13721061765108
20.6479054669916,-0.002166584810286,-2.16658481028564,-0.10493000434108
20.6479054669916,-0.017189564110972,-17.1895641109723,-0.832508853668092
20.6479054669916,-0.024556849491857,-24.5568494918567,-1.18931431234582
20.6479054669916,-0.018446578477129,-18.4465784771293,-0.893387394988736
20.6479054669916,0.005043664340382,5.0436643403815,0.244270022857499
20.6479054669916,0.034536667163192,34.5366671631919,1.67264748564465
20.6479054669916,0.023852478668501,23.852478668501,1.15520088498237
20.6479054669916,-0.002558759607043,-2.55875960704321,-0.123923446430619
20.6479054669916,-0.02177828541247,-21.77828541247,-1.05474550177913
20.6479054669916,-0.029254661669918,-29.2546616699174,-1.41683434751699
20.6479054669916,-0.02700399825004,-27.0039982500396,-1.30783232678051
20.6479054669916,-0.007246320487584,-7.24632048758389,-0.350947000370963
20.6479054669916,0.022129306075633,22.1293060756333,1.07174580545276
21.777814163837,0.036036934684452,36.0369346844518,1.65475444015372
21.777814163837,0.020205268374178,20.2052683741784,0.927791385405889
21.777814163837,0.012977533601934,12.9775336019338,0.595906159557716
21.777814163837,0.009354790494779,9.35479049477861,0.429555988695717
21.777814163837,-0.010217597588457,-10.2175975884566,-0.469174615578426
21.777814163837,0.007816755316501,7.81675531650139,0.358932042384742
21.777814163837,0.036127234688476,36.1272346884758,1.65890086198213
21.777814163837,0.022244041122463,22.2440411224629,1.02140834498441
21.777814163837,-0.002306927317531,-2.30692731753057,-0.105930159022172
21.777814163837,-0.011966945622848,-11.9669456228479,-0.549501687029709
21.777814163837,-0.017267312863305,-17.2673128633054,-0.792885490407871
21.777814163837,-0.010608500299129,-10.608500299129,-0.487124199854034
21.777814163837,0.011119068841036,11.1190688410354,0.510568634546395
21.777814163837,0.043281568674428,43.2815686744275,1.98741564919304
21.777814163837,0.022143600842638,22.1436008426374,1.01679629902471
21.777814163837,-0.004137926472729,-4.1379264727287,-0.190006510368699
21.777814163837,-0.016503045827942,-16.503045827942,-0.757791654561276
21.777814163837,-0.023802717557359,-23.8027175573592,-1.09298010251573
21.777814163837,-0.022027474274431,-22.0274742744306,-1.01146396551625
21.777814163837,-0.001260874298002,-1.26087429800181,-0.057897192460001
21.777814163837,0.029024478143515,29.0244781435152,1.33275442269645
21.777814163837,0.020586776505342,20.5867765053415,0.945309586649273
21.777814163837,-0.002309641919688,-2.30964191968808,-0.106054808912978
21.777814163837,-0.01455939068321,-14.55939068321,-0.668542332746437
21.777814163837,-0.018833638308153,-18.8336383081524,-0.86480847740112
21.777814163837,-0.01304214113328,-13.0421411332804,-0.598872826958796
21.777814163837,0.007024091486527,7.02409148652672,0.322534274270304
21.777814163837,0.024868422240463,24.8684222404631,1.14191543987726
21.777814163837,0.013964504542249,13.9645045422493,0.641226178035716
21.777814163837,-0.014244390304904,-14.2443903049042,-0.654078053827717
21.777814163837,-0.030624406250982,-30.6244062509819,-1.40622038651772
21.777814163837,-0.042766928229285,-42.7669282292849,-1.96378423966447
21.777814163837,-0.038529540789552,-38.5295407895518,-1.76921065170681
21.777814163837,-0.021958358447458,-21.9583584474576,-1.00829028488637
21.777814163837,0.000192688629269,0.192688629268911,0.008847932479325
22.6173111804141,0.035402796093802,35.4027960938021,1.5652964143881
22.6173111804141,0.007859000983109,7.8590009831086,0.34747724521358
22.6173111804141,-0.004239870177667,-4.23987017766669,-0.18746128325538
22.6173111804141,-0.008149876605083,-8.14987660508337,-0.360337996858835
22.6173111804141,-0.001862838736773,-1.8628387367734,-0.082363403939305
22.6173111804141,0.015564911308159,15.5649113081586,0.688185752232004
22.6173111804141,0.042550183962626,42.5501839626263,1.88131045389133
22.6173111804141,0.026334079868615,26.334079868615,1.16433291555096
22.6173111804141,8.29060854223296E-05,0.08290608542233,0.003665603075494
22.6173111804141,-0.012516991619311,-12.5169916193107,-0.55342527321064
22.6173111804141,-0.015741311313127,-15.7413113131266,-0.695985088039912
22.6173111804141,-0.010855518413284,-10.8555184132841,-0.479965028852973
22.6173111804141,0.012008844862019,12.0088448620188,0.53095811284668
22.6173111804141,0.044688711894154,44.6887118941537,1.97586315798903
22.6173111804141,0.025837126711194,25.8371267111934,1.14236066812255
22.6173111804141,-0.001170339172228,-1.1703391722282,-0.051745283198901
22.6173111804141,-0.017498743353135,-17.4987433531349,-0.773688048661076
22.6173111804141,-0.02794653517122,-27.9465351712203,-1.23562588622033
22.6173111804141,-0.020690031307285,-20.6900313072846,-0.914787400776514
22.6173111804141,0.000657674381025,0.657674381024709,0.029078362842451
22.6173111804141,0.026935535573699,26.9355355736987,1.1909256303209
22.6173111804141,0.025315733234555,25.3157332345544,1.11930781836159
22.6173111804141,-0.002067842005714,-2.06784200571353,-0.091427402188471
22.6173111804141,-0.020039178756238,-20.039178756238,-0.886010657782842
22.6173111804141,-0.035543401061312,-35.5434010613118,-1.57151311125309
22.6173111804141,-0.033564648352834,-33.564648352834,-1.48402469617608
22.6173111804141,-0.01273562055014,-12.7356205501399,-0.563091715392258
22.6173111804141,0.017619700565313,17.6197005653127,0.77903604123247
22.6173111804141,0.023484067088758,23.4840670887576,1.03832267688363
22.6173111804141,-0.002517272320212,-2.51727232021226,-0.111298478414717
22.6173111804141,-0.022557889431148,-22.5578894311476,-0.997372731497896
22.6173111804141,-0.035760648343245,-35.7606483432447,-1.58111846532015
22.6173111804141,-0.02959445427551,-29.59445427551,-1.30848685060043
22.6173111804141,-0.01015852466821,-10.1585246682103,-0.449148202771657
22.6173111804141,0.020870263021234,20.8702630212341,0.922756151460968
10.5159543089384,0.014033622773082,14.0336227730818,1.3345077736933
10.5159543089384,0.001872697008204,1.87269700820375,0.178081508647484
10.5159543089384,-0.003183710371899,-3.18371037189946,-0.302750494949694
10.5159543089384,-0.008964869627485,-8.96486962748511,-0.852501766755028
10.5159543089384,-0.010139141961562,-10.139141961562,-0.964167555667666
10.5159543089384,0.002217995720377,2.21799572037717,0.210917207817451
10.5159543089384,0.017646391349989,17.6463913499885,1.67805895989766
10.5159543089384,0.013469746313906,13.469746313906,1.28088672869726
10.5159543089384,0.002041697445536,2.04169744553601,0.194152369395577
10.5159543089384,-0.005517216410449,-5.51721641044856,-0.524651995279118
10.5159543089384,-0.009679871477737,-9.67987147773708,-0.920493869920048
10.5159543089384,-0.006037631347845,-6.03763134784452,-0.574140127512027
10.5159543089384,0.005732879816047,5.73287981604675,0.545160205876314
10.5159543089384,0.017420515765477,17.420515765477,1.6565796363978
10.5159543089384,0.012369618467041,12.3696184670413,1.17627160632748
10.5159543089384,-0.002706564841818,-2.70656484181819,-0.257377006622943
10.5159543089384,-0.008169223273201,-8.1692232732008,-0.776840887018415
10.5159543089384,-0.016215638390721,-16.2156383907208,-1.54200350385108
10.5159543089384,-0.013169774804107,-13.1697748041066,-1.25236135658298
10.5159543089384,-0.007177778593614,-7.17777859361402,-0.682560838773618
10.5159543089384,0.01042649766665,10.4264976666504,0.991493245438319
10.5159543089384,0.014867249930307,14.8672499303072,1.41378038488341
10.5159543089384,-0.001118935733418,-1.11893573341809,-0.106403632095189
10.5159543089384,-0.009027225493503,-9.02722549350299,-0.858431410816422
10.5159543089384,-0.01524388587606,-15.2438858760604,-1.44959605454955
10.5159543089384,-0.012620523382777,-12.6205233827768,-1.20013105915167
10.5159543089384,-0.000344635911094,-0.344635911093683,-0.032772671026228
10.5159543089384,0.016733138986712,16.7331389867122,1.59121450085509
10.5159543089384,0.012497993799246,12.4979937992455,1.18847927939574
10.5159543089384,0.000283442895599,0.283442895598562,0.026953606612539
10.5159543089384,-0.006787969698851,-6.78796969885065,-0.645492505904196
10.5159543089384,-0.011230125489419,-11.2301254894194,-1.06791311178235
10.5159543089384,-0.006479632491637,-6.47963249163674,-0.616171609468594
10.5159543089384,-0.00174701454011,-1.74701454011039,-0.166129909733961
10.5159543089384,0.01394788177914,13.9478817791403,1.32635435352594
10.0513795792334,0.014870069063726,14.8700690637255,1.47940578171455
10.0513795792334,0.003127442389446,3.12744238944618,0.311145586015637
10.0513795792334,-0.00506894969552,-5.06894969552008,-0.504303877449098
10.0513795792334,-0.009349605569604,-9.34960556960363,-0.930181324454242
10.0513795792334,-0.007528579799004,-7.5285797990039,-0.749009600090947
10.0513795792334,0.006418966003377,6.41896600337732,0.638615421174543
10.0513795792334,0.019876022927569,19.8760229275687,1.97744227753905
10.0513795792334,0.013354458430119,13.3544584301185,1.32861945217047
10.0513795792334,-0.001010648779549,-1.01064877954948,-0.100548265199091
10.0513795792334,-0.006810185213094,-6.81018521309418,-0.677537362847618
10.0513795792334,-0.0129546988243,-12.9546988242994,-1.28884783647654
10.0513795792334,-0.009745589528422,-9.74558952842242,-0.96957730544345
10.0513795792334,-0.006578989268655,-6.57898926865519,-0.654535948701777
10.0513795792334,0.012595533012303,12.5955330123033,1.25311484985865
10.0513795792334,0.01291138347682,12.9113834768203,1.28453844320991
10.0513795792334,-0.001404674845029,-1.40467484502882,-0.139749457669566
10.0513795792334,-0.004269452824071,-4.26945282407054,-0.424762868660481
10.0513795792334,-0.011151334715488,-11.1513347154877,-1.10943325019054
10.0513795792334,-0.008655069255913,-8.65506925591331,-0.861082718813554
10.0513795792334,-0.001471365083771,-1.47136508377121,-0.146384391532793
10.0513795792334,0.015211473695982,15.2114736959823,1.51337172933056
10.0513795792334,0.012478118301086,12.4781183010859,1.24143339754737
10.0513795792334,-0.000863502116092,-0.863502116092429,-0.085908815728785
10.0513795792334,-0.005091839176502,-5.09183917650224,-0.506581125144475
10.0513795792334,-0.011829844330317,-11.8298443303173,-1.1769373783036
10.0513795792334,-0.010317826552978,-10.3178265529775,-1.02650849782796
10.0513795792334,0.000665531462209,0.66553146220949,0.066212946885869
10.0513795792334,0.011487028147594,11.4870281475938,1.14283099718238
10.0513795792334,0.011663906763291,11.6639067632907,1.16042844381172
10.0513795792334,-0.001012283742477,-1.01228374247675,-0.100710925748757
10.0513795792334,-0.008590659840924,-8.59065984092378,-0.854674701438247
10.0513795792334,-0.014303543239322,-14.3035432393215,-1.42304278995425
10.0513795792334,-0.010422464180324,-10.4224641803243,-1.03691877300681
10.0513795792334,-0.000456053105918,-0.456053105918119,-0.045372190187738
10.0513795792334,0.014227226013749,14.2272260137486,1.41545007842931
12.7704022472791,0.017838035807521,17.8380358075206,1.39682646342023
12.7704022472791,0.004383806093295,4.38380609329514,0.343278622584434
12.7704022472791,-0.002361575437535,-2.36157543753457,-0.184925689246612
12.7704022472791,-0.005438563987385,-5.43856398738507,-0.42587256705589
12.7704022472791,-0.001336564410823,-1.33656441082297,-0.104661105025704
12.7704022472791,0.011920963190994,11.920963190994,0.933483766616192
12.7704022472791,0.029741613769151,29.7416137691511,2.32894886106566
12.7704022472791,0.016159196979862,16.1591969798619,1.26536319428034
12.7704022472791,0.001035889128836,1.03588912883612,0.081116405636857
12.7704022472791,-0.00508806175067,-5.08806175067011,-0.398426114710222
12.7704022472791,-0.009965897763911,-9.96589776391055,-0.780390278312016
12.7704022472791,-0.005333567317371,-5.33356731737089,-0.417650690565152
12.7704022472791,0.00757908254078,7.57908254077977,0.59348816067204
12.7704022472791,0.02364606232803,23.6460623280297,1.85163018910134
12.7704022472791,0.014044380627191,14.044380627191,1.09976023896846
12.7704022472791,-0.000350128973068,-0.350128973068187,-0.027417223536775
12.7704022472791,-0.006343937307795,-6.3439373077947,-0.496768792787741
12.7704022472791,-0.011727702463866,-11.7277024638662,-0.91835027877567
12.7704022472791,-0.009125595715891,-9.12559571589067,-0.714589528128214
12.7704022472791,0.002303429131771,2.30342913177095,0.180372480613265
12.7704022472791,0.020656037361715,20.6560373617148,1.61749308766808
12.7704022472791,0.013385533994244,13.3855339942436,1.04816854904437
12.7704022472791,-0.003554889138269,-3.5548891382694,-0.278369394278619
12.7704022472791,-0.011352798500005,-11.352798500005,-0.888993023099478
12.7704022472791,-0.017471869034083,-17.4718690340825,-1.36815338278049
12.7704022472791,-0.017615769980959,-17.6157699809594,-1.37942170026106
12.7704022472791,-0.007078221565039,-7.07822156503868,-0.554267706527942
12.7704022472791,0.007059394995852,7.05939499585151,0.55279347190145
12.7704022472791,0.012339513290576,12.3395132905764,0.966258779609345
12.7704022472791,-0.002912310323419,-2.91231032341932,-0.228051573241541
12.7704022472791,-0.01389383168683,-13.8938316868296,-1.08797134325113
12.7704022472791,-0.019254821897565,-19.2548218975648,-1.50776941279725
12.7704022472791,-0.019214896499941,-19.2148964999406,-1.50464301185458
12.7704022472791,-0.008651319575064,-8.65131957506415,-0.677450827902262
12.7704022472791,-0.004020615910334,-4.02061591033442,-0.314838627044114
13.2724948493897,0.015649869978917,15.6498699789167,1.17912044091969
13.2724948493897,0.000869780855219,0.869780855219049,0.065532581861129
13.2724948493897,-0.009547527170324,-9.54752717032426,-0.719346835592348
13.2724948493897,-0.013022057370468,-13.0220573704682,-0.981131092400987
13.2724948493897,-0.008424978272263,-8.42497827226274,-0.634769752624926
13.2724948493897,0.004750424134475,4.75042413447513,0.357914935238686
13.2724948493897,0.024860645507813,24.8606455078133,1.87309513319995
13.2724948493897,0.017874371013154,17.8743710131535,1.34672276885271
13.2724948493897,-0.001600118325311,-1.60011832531104,-0.120558971276196
13.2724948493897,-0.012236294967819,-12.2362949678185,-0.921928778776745
13.2724948493897,-0.01917956112773,-19.1795611277295,-1.44506073239209
13.2724948493897,-0.016992689769064,-16.992689769064,-1.28029356664963
13.2724948493897,-0.014415834329263,-14.4158343292626,-1.08614352409603
13.2724948493897,-0.002233962795895,-2.23396279589538,-0.168315212870329
13.2724948493897,0.01673227477554,16.73227477554,1.26067291533432
13.2724948493897,0.000548773550338,0.548773550338111,0.041346676458748
13.2724948493897,-0.008073811816098,-8.07381181609834,-0.608311542608703
13.2724948493897,-0.01309236062319,-13.0923606231899,-0.986428005567606
13.2724948493897,-0.009876143526559,-9.87614352655908,-0.744106035724939
13.2724948493897,0.005376521026639,5.37652102663921,0.405087444949087
13.2724948493897,0.022710427155698,22.7104271556979,1.71108954370716
13.2724948493897,0.017747029272374,17.7470292723743,1.33712836009804
13.2724948493897,-0.000691481945793,-0.691481945792716,-0.052098867141358
13.2724948493897,-0.009320699694561,-9.3206996945614,-0.702256794998112
13.2724948493897,-0.013583156915777,-13.5831569157765,-1.02340645597621
13.2724948493897,-0.009657274909595,-9.65727490959512,-0.727615645677884
13.2724948493897,0.003654754573188,3.65475457318754,0.275363043245451
13.2724948493897,0.021669143129535,21.6691431295346,1.63263526378621
13.2724948493897,0.016756151351936,16.756151351936,1.26247186697582
13.2724948493897,0.000268887015917,0.268887015917207,0.020258965550065
13.2724948493897,-0.009066016213003,-9.06601621300296,-0.683067977488784
13.2724948493897,-0.014775659259115,-14.7756592591151,-1.11325409629331
13.2724948493897,-0.009287187975455,-9.28718797545547,-0.699731895234639
13.2724948493897,0.005298258915119,5.29825891511893,0.399190881235304
13.2724948493897,0.020309504751424,20.3095047514235,1.53019496197863
11.9860772858366,0.024292904612316,24.2929046123159,2.02676021795902
11.9860772858366,0.005859254021028,5.85925402102772,0.488838331449049
11.9860772858366,-0.003302151273274,-3.30215127327382,-0.275498913825278
11.9860772858366,-0.011159439569345,-11.1594395693453,-0.93103350689486
11.9860772858366,-0.011277019244558,-11.2770192445575,-0.940843194619061
11.9860772858366,-0.005406550503254,-5.40655050325389,-0.451069217586521
11.9860772858366,0.001332444222614,1.33244422261436,0.111165996250403
11.9860772858366,0.013417737505896,13.4177375058958,1.11944359992997
11.9860772858366,-0.002760932776844,-2.76093277684419,-0.23034498368425
11.9860772858366,-0.010288871769901,-10.2888717699006,-0.858401921207236
11.9860772858366,-0.01811561557416,-18.1156155741602,-1.51138818331887
11.9860772858366,-0.012731202659081,-12.7312026590805,-1.06216590761719
11.9860772858366,0.000955999943303,0.955999943303087,0.079759200654642
11.9860772858366,0.017255420606297,17.2554206062965,1.43962200433051
11.9860772858366,0.012736462536352,12.7364625363521,1.06260473986783
11.9860772858366,-0.00259758614672,-2.59758614671968,-0.216716952909116
11.9860772858366,-0.009429641935018,-9.42964193501794,-0.786716263390067
11.9860772858366,-0.016559174513136,-16.5591745131364,-1.3815341014615
11.9860772858366,-0.013064536026245,-13.0645360262454,-1.08997595415834
11.9860772858366,-0.000551304326545,-0.551304326544599,-0.045995392270334
11.9860772858366,0.018061529585854,18.0615295858542,1.50687578222081
11.9860772858366,0.012850672375301,12.8506723753009,1.0721332817106
11.9860772858366,-0.001644066793635,-1.64406679363516,-0.137164708221753
11.9860772858366,-0.008084356273911,-8.08435627391102,-0.674478904242001
11.9860772858366,-0.010630887058861,-10.6308870588612,-0.886936301622482
11.9860772858366,-0.006849395953215,-6.84939595321477,-0.571446002714197
11.9860772858366,0.00785772707141,7.85772707141019,0.65557120015364
11.9860772858366,0.028467905144031,28.4679051440304,2.37508105989518
11.9860772858366,0.012513354943987,12.5133549439869,1.04399084417496
11.9860772858366,-0.00099599235867,-0.99599235866954,-0.083095773113899
11.9860772858366,-0.007424329646497,-7.42432964649731,-0.619412796150604
11.9860772858366,-0.011185999997008,-11.1859999970079,-0.933249446858301
11.9860772858366,-0.009136248774958,-9.136248774958,-0.762238433566074
11.9860772858366,0.006203012428035,6.20301242803523,0.517518140431568
11.9860772858366,0.011390878178412,11.3908781784118,0.950342460403776
11.2312823527949,0.017407323682502,17.4073236825016,1.54989636407546
11.2312823527949,0.003569374046323,3.56937404632329,0.317806456484915
11.2312823527949,-0.001772619896533,-1.7726198965331,-0.157828807152372
11.2312823527949,-0.011676182684415,-11.6761826844149,-1.03961260323131
11.2312823527949,-0.006325060777667,-6.32506077766726,-0.563164612818526
11.2312823527949,-0.002576287714176,-2.57628771417551,-0.229385001039922
11.2312823527949,0.016668601393224,16.6686013932242,1.48412272700778
11.2312823527949,0.013066954509441,13.0669545094409,1.16344279299409
11.2312823527949,0.000352537353424,0.352537353423998,0.031388878166372
11.2312823527949,-0.012216211725933,-12.2162117259332,-1.08769518405824
11.2312823527949,-0.01733430843985,-17.3343084398501,-1.54339530387966
11.2312823527949,-0.014752228768122,-14.7522287681223,-1.31349460415366
11.2312823527949,-0.001791298634399,-1.79129863439886,-0.159491906456533
11.2312823527949,0.017306573617854,17.3065736178537,1.54092587776026
11.2312823527949,0.014359084300551,14.3590843005509,1.27849018923273
11.2312823527949,0.001399189459793,1.399189459793,0.124579670944237
11.2312823527949,-0.0050582442923,-5.05824429229951,-0.450371038089055
11.2312823527949,-0.009299634989284,-9.29963498928355,-0.828011859836234
11.2312823527949,-0.009273490551537,-9.27349055153659,-0.825684036803591
11.2312823527949,-0.003358579236977,-3.35857923697702,-0.299037913167703
11.2312823527949,0.017991753089549,17.9917530895488,1.60193222148597
11.2312823527949,0.013200483579712,13.2004835797122,1.17533182454693
11.2312823527949,-0.000468868745518,-0.468868745517548,-0.041746679567794
11.2312823527949,-0.008938680001092,-8.93868000109244,-0.7958735004884
11.2312823527949,-0.014114774189976,-14.1147741899756,-1.25673754310551
11.2312823527949,-0.010324188993368,-10.3241889933683,-0.919235103264869
11.2312823527949,0.002352148879474,2.35214887947421,0.209428345365112
11.2312823527949,0.016143926561552,16.1439265615519,1.43740723939102
11.2312823527949,0.012887566970592,12.8875669705916,1.14747065969582
11.2312823527949,-0.002392226868819,-2.39222686881912,-0.212996770419883
11.2312823527949,-0.007375445733977,-7.37544573397697,-0.656687767460643
11.2312823527949,-0.012641908081529,-12.6419080815285,-1.12559792234078
11.2312823527949,-0.011204941345764,-11.2049413457638,-0.997654675022525
11.2312823527949,-0.000793202553583,-0.793202553583061,-0.070624397879702
11.2312823527949,0.016982866780833,16.9828667808325,1.5121039830867
18.6977096681973,0.02426214755386,24.2621475538596,1.29759997263872
18.6977096681973,0.004327123217825,4.32712321782536,0.231425307944818
18.6977096681973,-0.010141110316029,-10.1411103160292,-0.542371792908842
18.6977096681973,-0.019713503823915,-19.7135038239149,-1.05432719695318
18.6977096681973,-0.019460262057489,-19.4602620574893,-1.04078319766559
18.6977096681973,-0.002853179115184,-2.85317911518446,-0.15259511276065
18.6977096681973,0.029317971682601,29.3179716826013,1.56799801702279
18.6977096681973,0.02266750970312,22.6675097031204,1.21231477573295
18.6977096681973,0.001840846379567,1.84084637956705,0.098453041160337
18.6977096681973,-0.01235323017364,-12.3532301736398,-0.660681462748949
18.6977096681973,-0.020332243431615,-20.3322434316151,-1.08741892950653
18.6977096681973,-0.018319618105896,-18.3196181058956,-0.979778723222724
18.6977096681973,-0.002931150366562,-2.93115036656166,-0.156765209139343
18.6977096681973,0.030925185541627,30.9251855416268,1.65395581011866
18.6977096681973,0.021851326765321,21.8513267653206,1.16866328299488
18.6977096681973,0.001424580505281,1.42458050528094,0.076190107267736
18.6977096681973,-0.012515460680537,-12.5154606805369,-0.669357953601358
18.6977096681973,-0.021100637537926,-21.1006375379257,-1.12851455672218
18.6977096681973,-0.018786188013328,-18.7861880133282,-1.00473204187577
18.6977096681973,-0.00393597342866,-3.93597342866014,-0.210505644729033
18.6977096681973,0.029648720700539,29.6487207005387,1.58568729682266
18.6977096681973,0.022417247138217,22.4172471382171,1.19893011154978
18.6977096681973,0.004601280198473,4.60128019847306,0.246087904889192
18.6977096681973,-0.014224540206684,-14.2245402066843,-0.760763775837135
18.6977096681973,-0.02233434395084,-22.3343439508397,-1.19449624297183
18.6977096681973,-0.018596290288201,-18.5962902882004,-0.994575839405112
18.6977096681973,-0.001300042091791,-1.30004209179146,-0.069529483282259
18.6977096681973,0.028450227110827,28.4502271108269,1.5215888799053
18.6977096681973,0.022119195741825,22.119195741825,1.1829895818442
18.6977096681973,0.000480122282958,0.480122282958129,0.025678133390571
18.6977096681973,-0.012692782397378,-12.6927823973779,-0.678841559881899
18.6977096681973,-0.023087646847206,-23.0876468472063,-1.23478475475934
18.6977096681973,-0.019162210661097,-19.1622106610969,-1.02484266796001
18.6977096681973,-0.000424751915044,-0.424751915044208,-0.022716788450655
18.6977096681973,0.029931680886987,29.9316808869867,1.60082071110009
18.5280349543276,0.040513010499178,40.5130104991775,2.18657891131163
18.5280349543276,0.018793027848492,18.7930278484915,1.01430226652838
18.5280349543276,0.002288997877926,2.28899787792614,0.123542398509535
18.5280349543276,-0.003552545389725,-3.55254538972494,-0.191738918805049
18.5280349543276,0.004694177993813,4.694177993813,0.253355415476295
18.5280349543276,0.015668602645338,15.6686026453374,0.845669963596312
18.5280349543276,0.030395675302331,30.3956753023304,1.64052342179066
18.5280349543276,0.020318139058535,20.3181390585345,1.09661597188367
18.5280349543276,-0.001470257836681,-1.47025783668064,-0.079353144588991
18.5280349543276,-0.014119018434983,-14.1190184349826,-0.762035394999341
18.5280349543276,-0.020913293404225,-20.9132934042251,-1.12873779954416
18.5280349543276,-0.015129482823737,-15.1294828237367,-0.816572446081386
18.5280349543276,-0.000181964267705,-0.181964267704782,-0.009821023554485
18.5280349543276,0.025362160607621,25.3621606076213,1.36885323619802
18.5280349543276,0.017658852035077,17.6588520350772,0.953088229734402
18.5280349543276,-0.001809795198418,-1.80979519841806,-0.097678744825303
18.5280349543276,-0.017884335744995,-17.8843357449945,-0.965258096127308
18.5280349543276,-0.025300673567271,-25.3006735672705,-1.36553464140357
18.5280349543276,-0.018235996297542,-18.2359962975418,-0.984238012422489
18.5280349543276,-0.002662614097114,-2.66261409711399,-0.143707311848097
18.5280349543276,0.022686403488259,22.6864034882586,1.22443656567906
18.5280349543276,0.015316297625181,15.3162976251807,0.826655263924968
18.5280349543276,-0.005288786225771,-5.288786225771,-0.285447768142066
18.5280349543276,-0.018230207759003,-18.2302077590031,-0.983925591890414
18.5280349543276,-0.025880927715314,-25.8809277153142,-1.39685227165816
18.5280349543276,-0.018087765434396,-18.0877654343956,-0.976237657095462
18.5280349543276,-0.009815703441773,-9.81570344177252,-0.529775740706915
18.5280349543276,0.023547916197144,23.5479161971441,1.27093435732342
18.5280349543276,0.014997031150711,14.9970311507114,0.809423729374415
18.5280349543276,-0.004901105506772,-4.90110550677236,-0.264523761902101
18.5280349543276,-0.018774987854328,-18.7749878543277,-1.01332860719493
18.5280349543276,-0.022814956016045,-22.8149560160444,-1.23137483668852
18.5280349543276,-0.020016033585754,-20.016033585754,-1.08031065545237
18.5280349543276,-0.01042383005981,-10.4238300598101,-0.562597711279434
18.5280349543276,0.02325398833176,23.2539883317595,1.25507040488004
16.8528733422573,0.021128699352809,21.1286993528086,1.25371495552809
16.8528733422573,0.000409361315207,0.409361315206969,0.024290297974324
16.8528733422573,-0.011559945139578,-11.5599451395783,-0.685933188057172
16.8528733422573,-0.016802036220851,-16.8020362208507,-0.996983474546205
16.8528733422573,-0.018263761645582,-18.2637616455814,-1.08371796753415
16.8528733422573,-0.002481890347624,-2.48189034762403,-0.147268082849758
16.8528733422573,0.020828025363826,20.8280253638256,1.23587384423052
16.8528733422573,0.0221357072979,22.1357072978999,1.31346784897483
16.8528733422573,0.001056813364798,1.05681336479757,0.062708200752194
16.8528733422573,-0.012334373222196,-12.3343732221954,-0.731885475651678
16.8528733422573,-0.018505526564919,-18.505526564919,-1.0980635876802
16.8528733422573,-0.01717880801685,-17.1788080168498,-1.01934000618015
16.8528733422573,0.001086010461576,1.08601046157597,0.064440670710607
16.8528733422573,0.027367919658913,27.3679196589134,1.62393196122174
16.8528733422573,0.021409052376224,21.4090523762235,1.27035028042025
16.8528733422573,0.001423912390973,1.42391239097317,0.084490778637897
16.8528733422573,-0.012612211868719,-12.6122118687186,-0.748371604804891
16.8528733422573,-0.019918606378006,-19.9186063780061,-1.18191159296627
16.8528733422573,-0.018679891021143,-18.6798910211432,-1.10840986232922
16.8528733422573,-0.004317385478502,-4.31738547850191,-0.256180972278265
16.8528733422573,0.029994186322204,29.9941863222037,1.77976691054787
16.8528733422573,0.021402766433995,21.4027664339945,1.26997729107289
16.8528733422573,0.001381167983816,1.38116798381571,0.081954451075862
16.8528733422573,-0.011997446718719,-11.9974467187192,-0.711893246633291
16.8528733422573,-0.017348913194777,-17.3489131947766,-1.02943354776634
16.8528733422573,-0.013918918376873,-13.9189183768726,-0.825907730640333
16.8528733422573,-0.002581208234843,-2.58120823484287,-0.15316131453802
16.8528733422573,0.027473523488361,27.4735234883607,1.63019818225733
16.8528733422573,0.020970293608637,20.9702936086369,1.24431562397467
16.8528733422573,0.002077650382793,2.07765038279273,0.12328167076312
16.8528733422573,-0.012031390806756,-12.031390806756,-0.713907389109025
16.8528733422573,-0.019679740573303,-19.6797405733027,-1.16773799776666
16.8528733422573,-0.015245252187199,-15.2452521871989,-0.904608482932853
16.8528733422573,6.26590666894522E-05,0.062659066689452,0.003718004960753
16.8528733422573,0.025249557127729,25.2495571277285,1.4982345511621
19.3735157326184,0.006137218013766,6.13721801376599,0.316783907395445
19.3735157326184,0.013758380255215,13.7583802552154,0.710164352464479
19.3735157326184,0.004321657361612,4.3216573616115,0.223070372009727
19.3735157326184,-0.005529254279681,-5.52925427968054,-0.285402729994492
19.3735157326184,0.009075231537432,9.07523153743228,0.46843493265152
19.3735157326184,-0.029150693041366,-29.1506930413656,-1.50466716747161
19.3735157326184,0.028746216051783,28.7462160517831,1.48378933635593
19.3735157326184,-0.025628831645791,-25.6288316457907,-1.322879749835
19.3735157326184,0.015206574491366,15.2065744913661,0.784915587921059
19.3735157326184,-0.006094704107023,-6.0947041070234,-0.314589473131197
19.3735157326184,-0.022374275779767,-22.3742757797671,-1.15488980361455
19.3735157326184,0.003308840518388,3.30884051838787,0.170791949383606
19.3735157326184,0.017772851538977,17.7728515389773,0.917378744481255
19.3735157326184,0.013856026660548,13.8560266605482,0.715204553049674
19.3735157326184,0.013721960285637,13.7219602856367,0.708284468086168
19.3735157326184,0.022760929095716,22.760929095716,1.17484763270893
19.3735157326184,0.006112787667143,6.11278766714252,0.31552288967617
19.3735157326184,0.043024960504259,43.0249605042588,2.22081325341581
19.3735157326184,0.027562912864069,27.5629128640693,1.422710944388
19.3735157326184,0.035415787885763,35.4157878857628,1.82805167500572
19.3735157326184,0.011286131791995,11.2861317919952,0.582554655941627
19.3735157326184,0.013026061904324,13.0260619043243,0.672364380533826
19.3735157326184,-0.009738191153842,-9.73819115384167,-0.502654824671077
19.3735157326184,-0.009872257528753,-9.8722575287532,-0.509574909634583
19.3735157326184,-0.017484220747919,-17.484220747919,-0.902480530081667
19.3735157326184,-0.019169332846102,-19.169332846102,-0.989460721051644
19.3735157326184,0.016556746202628,16.5567462026284,0.854607208682956
19.3735157326184,-0.018795181888933,-18.7951818889327,-0.970148224428258
19.3735157326184,-0.013314494444007,-13.3144944440065,-0.687252361820388
19.3735157326184,-0.039405767187796,-39.4057671877954,-2.03400186789275
19.3735157326184,-0.024573186411377,-24.5731864113767,-1.26839066024572
19.3735157326184,-0.020875257469968,-20.8752574699682,-1.07751518919312
19.3735157326184,-0.004446011978417,-4.4460119784171,-0.229489166539428
19.3735157326184,-0.021827223996992,-21.8272239969917,-1.12665270972176
19.3735157326184,-0.022143766339347,-22.143766339347,-1.14299163068603
19.3735157326184,-0.016480602926979,-16.4806029269789,-0.850676932077496
19.3735157326184,-0.015382956521644,-15.3829565216443,-0.794019874035803
19.3735157326184,0.018518362852648,18.518362852648,0.95585969569113
19.3735157326184,-0.015921185401692,-15.9211854016923,-0.82180155741616
19.3735157326184,-0.038541796943109,-38.5417969431088,-1.98940643892618
19.3735157326184,-0.002500002772291,-2.50000277229123,-0.129042286737976
19.3735157326184,-0.017821575615958,-17.8215756159577,-0.919893728217443
19.3735157326184,-0.006277180074467,-6.2771800744672,-0.324008309131964
19.3735157326184,0.006365689092626,6.36568909262625,0.328576866505886
19.3735157326184,0.018728059767387,18.7280597673869,0.966683591448257
19.3735157326184,0.021331132904131,21.3311329041307,1.10104604649616
19.3735157326184,0.017049356090814,17.0493560908139,0.880034183063046
19.3735157326184,-0.014151243741398,-14.1512437413982,-0.730442731030605
19.3735157326184,-0.001143422639417,-1.14342263941736,-0.059019883391233
19.3735157326184,-0.011769857142347,-11.769857142347,-0.607523038398785
19.3735157326184,0.008628240641107,8.62824064110734,0.445362667271605
19.3735157326184,0.011413789745295,11.4137897452951,0.589143958320281
19.3735157326184,-0.006006256723972,-6.00625672397248,-0.310024097167866
19.3735157326184,0.020364311172323,20.3643111723233,1.0511417469797
19.3735157326184,0.032368514453364,32.3685144533643,1.67076099661492
15.3998973112707,0.00470180552659,4.70180552658972,0.305314083045775
15.3998973112707,-0.007677899410538,-7.67789941053765,-0.498568221290569
15.3998973112707,-0.019192934801272,-19.1929348012722,-1.24630277808576
15.3998973112707,0.014611711780232,14.611711780232,0.948818780079667
15.3998973112707,-0.015928357822976,-15.9283578229756,-1.03431584646465
15.3998973112707,0.022038014992507,22.038014992507,1.4310494769584
15.3998973112707,0.041735926356612,41.7359263566119,2.7101431595954
15.3998973112707,0.024113527332525,24.1135273325246,1.56582390422023
15.3998973112707,-0.002075646662433,-2.07564666243343,-0.134783149554791
15.3998973112707,-0.003807818247693,-3.80781824769283,-0.247262573946256
15.3998973112707,-0.033402040979541,-33.4020409795412,-2.16897816293199
15.3998973112707,0.003404644103012,3.404644103012,0.221082260108335
15.3998973112707,-0.007840044588485,-7.84004458848486,-0.509097199157749
15.3998973112707,-0.018598402482132,-18.5984024821323,-1.2076965259061
15.3998973112707,-0.012466532936953,-12.4665329369527,-0.809520523739388
15.3998973112707,-0.000713735292262,-0.713735292261708,-0.046346756594237
15.3998973112707,0.020605732587307,20.6057325873066,1.33804350579831
15.3998973112707,0.031277562379017,31.2775623790165,2.03102408716228
15.3998973112707,0.008871880605486,8.87188060548594,0.57609998470528
15.3998973112707,0.011193233732914,11.1932337329144,0.726838205909489
15.3998973112707,-0.02053579577258,-20.53579577258,-1.3335021239103
15.3998973112707,-0.024646201370392,-24.6462013703921,-1.6004133581043
15.3998973112707,0.0011886600044,1.18866000439999,0.07718622925687
15.3998973112707,-0.018784844099922,-18.784844099922,-1.21980320519241
15.3998973112707,0.010749874726313,10.7498747263134,0.698048468053478
15.3998973112707,0.001504976562832,1.50497656283211,0.09772640248261
15.3998973112707,-0.005253800274784,-5.25380027478373,-0.341158136875279
15.3998973112707,0.011228336462693,11.2283364626928,0.729117619146406
15.3998973112707,0.003145374005175,3.14537400517478,0.204246427206549
15.3998973112707,-0.012504258687221,-12.5042586872213,-0.811970264117917
15.3998973112707,0.009706902935065,9.70690293506493,0.630322575460341
15.3998973112707,-0.000997301829941,-0.997301829941399,-0.064760290915155
15.3998973112707,-0.027051354843276,-27.0513548432758,-1.75659319646747
15.3998973112707,-0.001540783824378,-1.54078382437806,-0.100051564840657
15.3998973112707,-0.018622698921975,-18.6226989219748,-1.20927422732523
15.3998973112707,-0.008950764394273,-8.95076439427312,-0.581222342808892
15.3998973112707,0.006936840024064,6.93684002406414,0.450447161033164
15.3998973112707,0.01055535457507,10.5553545750696,0.68541720517477
15.3998973112707,0.013606465739252,13.6064657392518,0.883542627865037
15.3998973112707,0.010847269957667,10.8472699576674,0.704372875897595
15.3998973112707,0.013817308532877,13.8173085328765,0.897233809654308
15.3998973112707,-0.011993526713538,-11.993526713538,-0.778805629097302
15.3998973112707,0.002569892084897,2.56989208489689,0.166877222162778
15.3998973112707,-0.018484684608398,-18.4846846083984,-1.20031219915148
15.3998973112707,-0.003621646941367,-3.62164694136735,-0.23517344746947
15.3998973112707,-0.004678213618514,-4.67821361851428,-0.303782130747745
15.3998973112707,-0.017220168469581,-17.2201684695811,-1.11820021403507
15.3998973112707,0.009233896711649,9.23389671164943,0.599607680818198
15.3998973112707,-0.003037816176172,-3.03781617617171,-0.197262106023813
15.3998973112707,-0.006283342755606,-6.28334275560638,-0.40801199050904
15.3998973112707,0.004658728999349,4.65872899934849,0.30251688730021
15.3998973112707,0.003629186518527,3.62918651852651,0.235663033666492
15.3998973112707,0.008517838296785,8.51783829678521,0.553110071101011
15.3998973112707,0.029945402961652,29.9454029616522,1.94451965207171
15.3998973112707,-0.00848573196832,-8.48573196832003,-0.551025230675375
